original_article,actual_title,generated_title
summarize: arnd wiegmannreuters ulliice is contracting with palantir to expand its case management system. lilithe deal includes software called immigrationos to track visa overstays and selfdeporta 2679 chars,ice just ordered 30 million worth of new technology from palantir to track immigrants,lilithe deal includes software called immigrationos to track visa overstays.
"summarize: voting for the peoples voice award ends on april 17th, 2025. voting for the peoples voice award ends on april 17th, 2025. the time of year has arrived webby award season. for the 29th annual webby 1013 chars",the verge is nominated for two webby awards help us win them!,"voting for the peoples voice award ends on april 17th, 2025."
"summarize: the marine corps' top general sent a video reminder out to the force this week, cautioning troops that battlefield cellphone usage can have deadly consequences. it points to russian disasters in ukra 3525 chars",top general warns marines that their cellphones could get them killed in new video pointing out russian catastrophes,the marine corps' top general sent a video reminder out to the force this week. it points to russian disasters in
"summarize: elon musk lack of focus may be catching up to him. beyond tesla losing its lead to chinas byd in the electric vehicle market, it appears that his ambitious project to implant computer chips in human 4135 chars",chinese brain implant project set to overtake musks neuralink,elon musk is hoping to implant computer chips in human 4135 chars.
"summarize: as anticipation builds for a potential foldable iphone, one rumor suggests it may have another feature that has yet to appear in another apple phone a camera embedded under the screen for face id. 1628 chars",apple's folding iphone rumored to have face id embedded in screen,one rumor suggests it may have another feature that has yet to appear in another apple phone a camera embedded under the screen.
"summarize: airbus unveiled early sketches of a future aircraft with openfan engines.courtesy of airbus ulliairbus engineers shared plans for its next aircraft, planned for the second half of next decade. 5275 chars",airbus is predicting a 'glovesoff' competition to build the next generation of planes. this is the tech it's planning.,airbus ulliairbus engineers shared plans for its next aircraft.
"summarize: black mirror season 7 tugs at your heartstrings while skewering tech the netflix anthology is back, but its a little warmer this time around. black mirror season 7 tugs at your heartstrings while s 5761 chars",black mirror season 7 tugs at your heartstrings while skewering tech,black mirror season 7 tugs at your heartstrings while s 5761 chars is back.
"summarize: voicepatrol is unveiling its realtime ai voice protection technology for game studios to make gaming communities safer. the company said it has a straightforward, effective approach to realtime vo 3841 chars",voicepatrol unveils realtime ai voice protection for games,"voicepatrol is unveiling its realtime ai voice protection technology. the company said it has a straightforward, effective approach to"
"summarize: the game developers conference, an annual gathering that brings thousands of game developers to san francisco, has just wrapped up. while most of the event is about networking and interesting talks a 5150 chars",7 cool indie games from gdc 2025,the game developers conference brings thousands of game developers to san francisco. the event is about networking and interesting talks.
"summarize: apple today released a new update for safari technology preview, the experimental browser that was first introduced in march 2016. apple designed safari technology preview to allow users to test fe 1008 chars",apple releases safari technology preview 216 with bug fixes and performance improvements,apple released a new update for safari technology preview. the browser was first introduced in march 2016.
"summarize: automattic, the parent company of wordpress.com, is laying off about 16 percent of its workers. in a memo posted to the companys website, ceo matt mullenweg says hes making the change to protect a 1188 chars",wordpress.com owner automattic is laying off 16 percent of workers,automattic is laying off about 16 percent of its workers. ceo matt mullenweg says he is making the change
"summarize: mobility training is one of the top priorities in fitness for 2025.luis rojas estudioshutterstock ullitracking biometrics has become more popular, inspiring users to seek personalized wellness 11394 chars","8 workout trends you'll see in 2025, according to fitness experts",summarize mobility training is one of the top priorities in fitness for 2025.
"summarize: sony has developed a new tv display technology combining individual red, green, and blue leds for backlighting, potentially offering a middle ground between existing mini led and oled panels. dubbed 1065 chars",sony unveils rgb led backlight tech that outperforms traditional mini led,"sony has developed a new tv display technology combining individual red, green, and blue leds for backlighting."
"summarize: a marine releases a drone, technology that is becoming a key element of modern warfare.lance cpl. abram maestre, us marine corps ullimarines are building new drone warfare skills, integrating ne 4677 chars","every marine a rifleman? a us general says for future war, they might need to be something more.","abram maestre, us marine corps ullimarines are building new drone warfare skills."
summarize: the academy of motion picture arts and sciences plans to start awarding stunt performers for their work on movies in 2027. the academy of motion picture arts and sciences plans to start awarding stu 1417 chars,stunts are finally getting their own category at the oscars,the academy of motion picture arts and sciences plans to start awarding stunt performers for their work on movies in 2027.
"summarize: in september 2021, jim lanzone took over a company whose name once embodied the gogo spirit of the internet but had, over the years, become a joke yahoo. he accepted the ceo post from the new priva 4722 chars",yahoo is still hereand it has big plans for ai,jim lanzone took over a company whose name once embodied the gogo spirit of the internet. he
summarize: metas hypernova glasses may launch as early as the end of the year. metas hypernova glasses may launch as early as the end of the year. meta is reportedly preparing a higherend version of its ray 1481 chars,"heres more of what youll see through metas 1,000 smart glasses",metas hypernova glasses may launch as early as the end of the year.
